Название;Компания;Зарплата;Рейтинг;Ссылка
Java-разработчик (Senior/Middle);Qulix Systems Qulix Systems;Зарплата не указана;30;https://rabota.by/vacancy/128678433?query=Java&hhtmFrom=vacancy_search_list
Java Developer (Team Lead);ЗАО Водород ЗАО Водород;Зарплата не указана;25;https://rabota.by/vacancy/129014134?query=Java&hhtmFrom=vacancy_search_list
Senior Java Software Engineer (Internal Product);Syberry CIS Syberry CIS;Зарплата не указана;25;https://rabota.by/vacancy/128244447?query=Java&hhtmFrom=vacancy_search_list
Full-Stack Senior Developer (Java + Angular);Itransition Itransition;Зарплата не указана;25;https://rabota.by/vacancy/128159866?query=Java&hhtmFrom=vacancy_search_list
Senior Java Developer (Trading Domain);ЗАО Уайт Бёрд ЗАО Уайт Бёрд;Зарплата не указана;25;https://rabota.by/vacancy/128703269?query=Java&hhtmFrom=vacancy_search_list
Senior Java Developer;ЗАО Уайт Бёрд ЗАО Уайт Бёрд;Зарплата не указана;25;https://rabota.by/vacancy/128825524?query=Java&hhtmFrom=vacancy_search_list
Senior QA Automation Engineer (Java);Qulix Systems Qulix Systems;Зарплата не указана;25;https://rabota.by/vacancy/128105108?query=Java&hhtmFrom=vacancy_search_list
Lead of Java Team;Модсен // MODSEN Модсен // MODSEN;Зарплата не указана;25;https://rabota.by/vacancy/129000384?query=Java&hhtmFrom=vacancy_search_list
Senior Java Developer;Innowise Group / Фабрика инноваций и решений Innowise Group / Фабрика инноваций и решений;Зарплата не указана;25;https://rabota.by/vacancy/123639704?query=Java&hhtmFrom=vacancy_search_list
QA Lead / Senior QA Engineer (Java, Performance, Healthcare/Insurance domain);Innowise Group / Фабрика инноваций и решений Innowise Group / Фабрика инноваций и решений;Зарплата не указана;25;https://rabota.by/vacancy/128996220?query=Java&hhtmFrom=vacancy_search_list
Middle/Senior Data Engineer;Innowise Group / Фабрика инноваций и решений Innowise Group / Фабрика инноваций и решений;Зарплата не указана;20;https://rabota.by/vacancy/128097164?query=Java&hhtmFrom=vacancy_search_list
Java Developer (Middle);Новаком Групп Новаком Групп;Зарплата не указана;15;https://rabota.by/vacancy/128430260?query=Java&hhtmFrom=vacancy_search_list
Senior Frontend Software Engineer (DaVinci Project);Syberry CIS Syberry CIS;Зарплата не указана;15;https://rabota.by/vacancy/127616857?query=Java&hhtmFrom=vacancy_search_list
Senior Android Developer;MaxLine MaxLine;Зарплата не указана;15;https://rabota.by/vacancy/128671575?query=Java&hhtmFrom=vacancy_search_list
Java Developer;ООО Е-Вижн ООО Е-Вижн;Зарплата не указана;10;https://rabota.by/vacancy/128397079?query=Java&hhtmFrom=vacancy_search_list
Технический специалист (начинающий разработчик Java, PHP);ООО АСАПЛОГ ООО АСАПЛОГ;Зарплата не указана;10;https://rabota.by/vacancy/128236779?query=Java&hhtmFrom=vacancy_search_list
Java Software Engineer (Internal Product);Syberry CIS Syberry CIS;Зарплата не указана;10;https://rabota.by/vacancy/128988085?query=Java&hhtmFrom=vacancy_search_list
QA Automation Engineer (Java);Qulix Systems Qulix Systems;Зарплата не указана;10;https://rabota.by/vacancy/128659037?query=Java&hhtmFrom=vacancy_search_list
Java Developer;Innowise Group / Фабрика инноваций и решений Innowise Group / Фабрика инноваций и решений;Зарплата не указана;10;https://rabota.by/vacancy/123640035?query=Java&hhtmFrom=vacancy_search_list
Java developer;ООО НитСофт ООО НитСофт;Зарплата не указана;10;https://rabota.by/vacancy/128949013?query=Java&hhtmFrom=vacancy_search_list
Java Developer;Innowise Group / Фабрика инноваций и решений Innowise Group / Фабрика инноваций и решений;Зарплата не указана;10;https://rabota.by/vacancy/126966287?query=Java&hhtmFrom=vacancy_search_list
Trainee Backend Developer (Java);ООО ФП ТРЭЙД ООО ФП ТРЭЙД;Зарплата не указана;10;https://rabota.by/vacancy/128970095?query=Java&hhtmFrom=vacancy_search_list
Программист JavaScript, WebGL, Three.js;ООО Модульные строительные системы ООО Модульные строительные системы;Зарплата не указана;10;https://rabota.by/vacancy/128480358?query=Java&hhtmFrom=vacancy_search_list
Trainee Frontend Developer (JavaScript);ООО ФП ТРЭЙД ООО ФП ТРЭЙД;Зарплата не указана;10;https://rabota.by/vacancy/128970126?query=Java&hhtmFrom=vacancy_search_list
Java Developer;Innowise Group / Фабрика инноваций и решений Innowise Group / Фабрика инноваций и решений;Зарплата не указана;10;https://rabota.by/vacancy/125837653?query=Java&hhtmFrom=vacancy_search_list
Intern Developer;ООО Синтегрико/Syntegrico ООО Синтегрико/Syntegrico;Зарплата не указана;0;https://rabota.by/vacancy/127177041?query=Java&hhtmFrom=vacancy_search_list
Back End developer;ООО Райкири Клауд ООО Райкири Клауд;Зарплата не указана;0;https://rabota.by/vacancy/128967673?query=Java&hhtmFrom=vacancy_search_list
Intern/Manual QA Engineer;ООО Синтегрико/Syntegrico ООО Синтегрико/Syntegrico;Зарплата не указана;0;https://rabota.by/vacancy/127176116?query=Java&hhtmFrom=vacancy_search_list
Intern/Manual QA Engineer;ООО Синтегрико/Syntegrico ООО Синтегрико/Syntegrico;Зарплата не указана;0;https://rabota.by/vacancy/127175929?query=Java&hhtmFrom=vacancy_search_list
Инженер-конструктор микроэлектроники;АЛИФОР БЕЛ, ЧП АЛИФОР БЕЛ, ЧП;Зарплата не указана;0;https://rabota.by/vacancy/128954126?query=Java&hhtmFrom=vacancy_search_list
Mobile Developer (Flutter/Swift);MSTech L.L.C-FZ MSTech L.L.C-FZ;Зарплата не указана;0;https://hh.ru/vacancy/128309743?query=Java
Flutter / Swift Mobile Developer;MSTech L.L.C-FZ MSTech L.L.C-FZ;Зарплата не указана;0;https://hh.ru/vacancy/128832419?query=Java
Fullstack QA Engineer;Finstar Financial Group Finstar Financial Group;Зарплата не указана;0;https://hh.ru/vacancy/128951387?query=Java
FullStack-аналитик;ООО Пиксель Интернет ООО Пиксель Интернет;Зарплата не указана;0;https://rabota.by/vacancy/128639320?query=Java&hhtmFrom=vacancy_search_list
Scala Developer;Innowise Group / Фабрика инноваций и решений Innowise Group / Фабрика инноваций и решений;Зарплата не указана;0;https://rabota.by/vacancy/128994911?query=Java&hhtmFrom=vacancy_search_list
Performance Test Engineer;Innowise Group / Фабрика инноваций и решений Innowise Group / Фабрика инноваций и решений;Зарплата не указана;0;https://rabota.by/vacancy/128660325?query=Java&hhtmFrom=vacancy_search_list
Ведущий специалист по тестированию на проникновение в информационные системы;Государственное предприятие НЦОТ Государственное предприятие НЦОТ;Зарплата не указана;0;https://rabota.by/vacancy/128606304?query=Java&hhtmFrom=vacancy_search_list
Web-разработчик Wordpress | WooCommerce;ООО Альтер Эго Маркетинг ООО Альтер Эго Маркетинг;Зарплата не указана;0;https://rabota.by/vacancy/128348784?query=Java&hhtmFrom=vacancy_search_list
.NET Developer;ИП Карпинский Виктор Александрович ИП Карпинский Виктор Александрович;Зарплата не указана;0;https://rabota.by/vacancy/128445969?query=Java&hhtmFrom=vacancy_search_list
Trainee/Scala developer;Innowise Group / Фабрика инноваций и решений Innowise Group / Фабрика инноваций и решений;Зарплата не указана;0;https://rabota.by/vacancy/122521484?query=Java&hhtmFrom=vacancy_search_list
Trainee/Scala developer;Innowise Group / Фабрика инноваций и решений Innowise Group / Фабрика инноваций и решений;Зарплата не указана;0;https://rabota.by/vacancy/122521485?query=Java&hhtmFrom=vacancy_search_list
Trainee/Scala developer;Innowise Group / Фабрика инноваций и решений Innowise Group / Фабрика инноваций и решений;Зарплата не указана;0;https://rabota.by/vacancy/122521481?query=Java&hhtmFrom=vacancy_search_list
Trainee SAP CAP;Innowise Group / Фабрика инноваций и решений Innowise Group / Фабрика инноваций и решений;Зарплата не указана;0;https://rabota.by/vacancy/125911708?query=Java&hhtmFrom=vacancy_search_list
Full-Stack Developer A1 Competence Delivery Center;А1. Информационные технологии, телеком А1. Информационные технологии, телеком;Зарплата не указана;0;https://rabota.by/vacancy/126239026?query=Java&hhtmFrom=vacancy_search_list
Flutter + Node.js Developer;Paralect Paralect;Зарплата не указана;0;https://rabota.by/vacancy/128469571?query=Java&hhtmFrom=vacancy_search_list
Преподаватель в IT-школу для детей KIBERone (тьютор);ООО КиберКод ООО КиберКод;Зарплата не указана;0;https://rabota.by/vacancy/128324377?query=Java&hhtmFrom=vacancy_search_list
Программист 1С;ООО Азбука управления ООО Азбука управления;Зарплата не указана;0;https://rabota.by/vacancy/123691211?query=Java&hhtmFrom=vacancy_search_list
Ведущий инженер-программист;Национальный центр электронных услуг, РУП Национальный центр электронных услуг, РУП;Зарплата не указана;0;https://rabota.by/vacancy/126096059?query=Java&hhtmFrom=vacancy_search_list
BI/Data Analyst;ООО FIN.by / Акцент-Консалт ООО FIN.by / Акцент-Консалт;Зарплата не указана;0;https://rabota.by/vacancy/128330817?query=Java&hhtmFrom=vacancy_search_list
Back-end Engineer (Transition to Go);Innowise Group / Фабрика инноваций и решений Innowise Group / Фабрика инноваций и решений;Зарплата не указана;0;https://rabota.by/vacancy/122423105?query=Java&hhtmFrom=vacancy_search_list
Разработчик для IOS в Рекламную сеть Яндекса;Яндекс Яндекс;Зарплата не указана;0;https://hh.ru/vacancy/127308600?query=Java
Data Engineer (со знанием немецкого языка);Innowise Group / Фабрика инноваций и решений Innowise Group / Фабрика инноваций и решений;Зарплата не указана;0;https://rabota.by/vacancy/122295484?query=Java&hhtmFrom=vacancy_search_list
Инженер-конструктор микроэлектроники;АЛИФОР БЕЛ, ЧП АЛИФОР БЕЛ, ЧП;Зарплата не указана;0;https://rabota.by/vacancy/128948827?query=Java&hhtmFrom=vacancy_search_list
Junior/Middle Java Developer;Innowise Group / Фабрика инноваций и решений Innowise Group / Фабрика инноваций и решений;Зарплата не указана;-5;https://rabota.by/vacancy/123638863?query=Java&hhtmFrom=vacancy_search_list
Junior/Middle Data Engineer;Innowise Group / Фабрика инноваций и решений Innowise Group / Фабрика инноваций и решений;Зарплата не указана;-15;https://rabota.by/vacancy/128097153?query=Java&hhtmFrom=vacancy_search_list
Junior/ Middle Data Engineer;Innowise Group / Фабрика инноваций и решений Innowise Group / Фабрика инноваций и решений;Зарплата не указана;-15;https://rabota.by/vacancy/128994839?query=Java&hhtmFrom=vacancy_search_list
Intern/Junior Salesforce Developer;ООО Сакцесс ООО Сакцесс;Зарплата не указана;-20;https://rabota.by/vacancy/129001810?query=Java&hhtmFrom=vacancy_search_list
Intern/Junior Salesforce Developer;ООО Сакцесс ООО Сакцесс;Зарплата не указана;-20;https://rabota.by/vacancy/128971459?query=Java&hhtmFrom=vacancy_search_list
Intern/Junior Salesforce Developer;ООО Сакцесс ООО Сакцесс;Зарплата не указана;-20;https://rabota.by/vacancy/128976307?query=Java&hhtmFrom=vacancy_search_list
Intern/Junior Salesforce Developer;ООО Сакцесс ООО Сакцесс;Зарплата не указана;-20;https://rabota.by/vacancy/128976277?query=Java&hhtmFrom=vacancy_search_list
